FID,x,y,adr_pelny,ogolem
1,19.85670127,50.03139864,FALISTA 13,3
2,19.97654244,50.04440869,SARMACKA 4,25
3,19.92763543,50.04545289,TWARDOWSKIEGO 34,6
